iteration,collectionName,requestName,method,url,status,code,responseTime,responseSize,executed,failed,skipped,totalAssertions,executedCount,failedCount,skippedCount
"1","Sendinblue","Get all Companies","GET","https://api.sendinblue.com/v3/companies?filters=veniam elit in&linkedContactsIds=13396752&linkedDealsIds=veniam elit in&page=13396752&limit=13396752&sort=desc&sortBy=veniam elit in","Unauthorized","401","1402","50","Body matches string, Get all Companies, keep-alive",,,"3","3","0","0"
"1","Sendinblue","Create a company","POST","https://api.sendinblue.com/v3/companies","Unauthorized","401","1171","50","Body matches string","Status code is not 200",,"2","1","1","0"
"1","Sendinblue","Get company attributes","GET","https://api.sendinblue.com/v3/companies/attributes","Unauthorized","401","729","50","Body matches string, Get all Companies, keep-alive",,,"3","3","0","0"
"1","Sendinblue","Link and Unlink company with contact and deal","PATCH","https://api.sendinblue.com/v3/companies/link-unlink/veniam elit in","Unauthorized","401","1137","50",,,,"0","0","0","0"
"1","Sendinblue","Get a company","GET","https://api.sendinblue.com/v3/companies/:id","Unauthorized","401","1800","50","Body matches string, Content-Type is present",,,"2","2","0","0"
"1","Sendinblue","Delete a company","DELETE","https://api.sendinblue.com/v3/companies/veniam elit in","Unauthorized","401","1162","50",,"Successful DELETE",,"1","0","1","0"
"1","Sendinblue","Update a company","PATCH","https://api.sendinblue.com/v3/companies/veniam elit in","Unauthorized","401","756","50",,,,"0","0","0","0"
"1","Sendinblue","Get pipeline stages","GET","https://api.sendinblue.com/v3/crm/pipeline/details","Unauthorized","401","596","50","Content-Type is present","Body matches string",,"2","1","1","0"
"1","Sendinblue","Get all deals","GET","https://api.sendinblue.com/v3/crm/deals?filter[attributes]=veniam elit in&filter[linkedCompaniesIds]=veniam elit in&filter[linkedContactsIds]=veniam elit in&offset=13396752&limit=13396752&sort=desc","Unauthorized","401","455","50","Content-Type is present","Body matches string",,"2","1","1","0"
"1","Sendinblue","Create a deal","POST","https://api.sendinblue.com/v3/crm/deals","Unauthorized","401","280","50","Your test name, Body matches string",,,"2","2","0","0"
"1","Sendinblue","Link and Unlink a deal with contacts and companies","PATCH","https://api.sendinblue.com/v3/crm/deals/link-unlink/veniam elit in","Unauthorized","401","539","50",,,,"0","0","0","0"
"1","Sendinblue","Get deal attributes","GET","https://api.sendinblue.com/v3/crm/attributes/deals","Unauthorized","401","278","50","Content-Type is present","Body matches string",,"2","1","1","0"
"1","Sendinblue","Get a deal","GET","https://api.sendinblue.com/v3/crm/deals/veniam elit in","Unauthorized","401","441","50","Body matches string, Content-Type",,,"2","2","0","0"
"1","Sendinblue","Delete a deal","DELETE","https://api.sendinblue.com/v3/crm/deals/veniam elit in","Unauthorized","401","700","50",,,,"0","0","0","0"
"1","Sendinblue","Update a deal","PATCH","https://api.sendinblue.com/v3/crm/deals/veniam elit in","Unauthorized","401","899","50",,,,"0","0","0","0"
"1","Sendinblue","Get all tasks","GET","https://api.sendinblue.com/v3/crm/tasks?filter[type]=veniam elit in&filter[status]=done&filter[date]=range&filter[assignTo]=veniam elit in&filter[contacts]=veniam elit in&filter[deals]=veniam elit in&filter[companies]=veniam elit in&dateFrom=-41398727&dateTo=-41398727&offset=13396752&limit=50&sort=desc&sortBy=name","Unauthorized","401","1127","50","Body matches string, Content-Type is present, Response time is not less than 200ms","Body is correct",,"4","3","1","0"
"1","Sendinblue","Create a task","POST","https://api.sendinblue.com/v3/crm/tasks","Unauthorized","401","935","50","application/json",,,"1","1","0","0"
"1","Sendinblue","Get all task types","GET","https://api.sendinblue.com/v3/crm/tasktypes","Unauthorized","401","465","50","application/json","Body matches string",,"2","1","1","0"
"1","Sendinblue","Get a task","GET","https://api.sendinblue.com/v3/crm/tasks/veniam elit in","Unauthorized","401","813","50","Body matches string, application/json",,,"2","2","0","0"
"1","Sendinblue","Delete a task","DELETE","https://api.sendinblue.com/v3/crm/tasks/veniam elit in","Unauthorized","401","502","50","Body matches string","Successful DELETE",,"2","1","1","0"
"1","Sendinblue","Update a task","PATCH","https://api.sendinblue.com/v3/crm/tasks/veniam elit in","Unauthorized","401","749","50",,,,"0","0","0","0"
"1","Sendinblue","Get all notes","GET","https://api.sendinblue.com/v3/crm/notes?entity=deals&entityIds=veniam elit in&dateFrom=-41398727&dateTo=-41398727&offset=13396752&limit=50&sort=desc","Unauthorized","401","1093","50","Body matches string, application/json",,,"2","2","0","0"
"1","Sendinblue","Create a note","POST","https://api.sendinblue.com/v3/crm/notes","Unauthorized","401","1173","50","application/json, Body matches string",,,"2","2","0","0"
"1","Sendinblue","Get a note","GET","https://api.sendinblue.com/v3/crm/notes/veniam elit in","Unauthorized","401","578","50","Body matches string, application/json",,,"2","2","0","0"
"1","Sendinblue","Update a note","PATCH","https://api.sendinblue.com/v3/crm/notes/veniam elit in","Unauthorized","401","448","50",,,,"0","0","0","0"
"1","Sendinblue","Delete a note","DELETE","https://api.sendinblue.com/v3/crm/notes/veniam elit in","Unauthorized","401","353","50","Body matches string, application json",,,"2","2","0","0"
"1","Sendinblue","Get all files","GET","https://api.sendinblue.com/v3/crm/files?entity=deals&entityIds=veniam elit in&dateFrom=-41398727&dateTo=-41398727&offset=13396752&limit=50&sort=desc","Unauthorized","401","320","50","Body matches string, appapplication/json",,,"2","2","0","0"
"1","Sendinblue","Upload a file","POST","https://api.sendinblue.com/v3/crm/files","Unauthorized","401","622","50","application/json, Body matches string",,,"2","2","0","0"
"1","Sendinblue","Download a file","GET","https://api.sendinblue.com/v3/crm/files/veniam elit in","Unauthorized","401","345","50",,,,"0","0","0","0"
"1","Sendinblue","Delete a file","DELETE","https://api.sendinblue.com/v3/crm/files/veniam elit in","Unauthorized","401","342","50",,,,"0","0","0","0"
"1","Sendinblue","Get file details","GET","https://api.sendinblue.com/v3/crm/files/veniam elit in/data","Unauthorized","401","484","50","application/json","Response time is less than 200ms",,"2","1","1","0"
"1","Sendinblue","Get an email campaign report","GET","https://api.sendinblue.com/v3/emailCampaigns/13396752","Unauthorized","401","585","50","Body matches string, Content-Type is present",,,"2","2","0","0"
"1","Sendinblue","Update an email campaign","PUT","https://api.sendinblue.com/v3/emailCampaigns/13396752","Unauthorized","401","419","50","application/json",,,"1","1","0","0"
"1","Sendinblue","Delete an email campaign","DELETE","https://api.sendinblue.com/v3/emailCampaigns/13396752","Unauthorized","401","567","50","Body matches string",,,"1","1","0","0"
"1","Sendinblue","Send an email campaign immediately, based on campaignId","POST","https://api.sendinblue.com/v3/emailCampaigns/13396752/sendNow","Unauthorized","401","627","50","Body matches string, Content-Type is present",,,"2","2","0","0"
"1","Sendinblue","Send an email campaign to your test list","POST","https://api.sendinblue.com/v3/emailCampaigns/13396752/sendTest","Unauthorized","401","376","50","Body matches string, Content-Type is present",,,"2","2","0","0"
"1","Sendinblue","Update an email campaign status","PUT","https://api.sendinblue.com/v3/emailCampaigns/13396752/status","Unauthorized","401","1232","50","Body matches string, Content-Type is present",,,"2","2","0","0"
"1","Sendinblue","Send the report of a campaign","POST","https://api.sendinblue.com/v3/emailCampaigns/13396752/sendReport","Unauthorized","401","1601","50","Body matches string, Content-Type is present",,,"2","2","0","0"
"1","Sendinblue","Get an A/B test email campaign results","GET","https://api.sendinblue.com/v3/emailCampaigns/13396752/abTestCampaignResult","Unauthorized","401","240","50","Body matches string, Content-Type is present",,,"2","2","0","0"
"1","Sendinblue","Get a shared template url","GET","https://api.sendinblue.com/v3/emailCampaigns/13396752/sharedUrl","Unauthorized","401","270","50","Body matches string, Content-Type is present",,,"2","2","0","0"
"1","Sendinblue","Export the recipients of an email campaign","POST","https://api.sendinblue.com/v3/emailCampaigns/13396752/exportRecipients","Unauthorized","401","376","50","Body matches string, Content-Type is present",,,"2","2","0","0"
"1","Sendinblue","Return all your created email campaigns","GET","https://api.sendinblue.com/v3/emailCampaigns?type=classic&status=archive&startDate=veniam elit in&endDate=veniam elit in&limit=50&offset=0&sort=desc","Unauthorized","401","1131","50","Body matches string, application/json",,,"2","2","0","0"
"1","Sendinblue","Create an email campaign","POST","https://api.sendinblue.com/v3/emailCampaigns","Unauthorized","401","803","50","Body matches string, application/json",,,"2","2","0","0"
"1","Sendinblue","Upload an image to your account's image gallery","POST","https://api.sendinblue.com/v3/emailCampaigns/images","Unauthorized","401","524","50","Body matches string, application/json",,,"2","2","0","0"
"1","Sendinblue","Returns the information for all your created SMS campaigns","GET","https://api.sendinblue.com/v3/smsCampaigns?status=archive&startDate=veniam elit in&endDate=veniam elit in&limit=500&offset=0&sort=desc","Unauthorized","401","1103","50","Body matches string, application/json",,,"2","2","0","0"
"1","Sendinblue","Creates an SMS campaign","POST","https://api.sendinblue.com/v3/smsCampaigns","Unauthorized","401","752","50","Body matches string, application/json",,,"2","2","0","0"
"1","Sendinblue","Get an SMS campaign","GET","https://api.sendinblue.com/v3/smsCampaigns/13396752","Unauthorized","401","694","50","Body matches string, application/json",,,"2","2","0","0"
"1","Sendinblue","Update an SMS campaign","PUT","https://api.sendinblue.com/v3/smsCampaigns/13396752","Unauthorized","401","710","50","Body matches string, application/json",,,"2","2","0","0"
"1","Sendinblue","Delete an SMS campaign","DELETE","https://api.sendinblue.com/v3/smsCampaigns/13396752","Unauthorized","401","733","50","Body matches string, application/json",,,"2","2","0","0"
"1","Sendinblue","Send your SMS campaign immediately","POST","https://api.sendinblue.com/v3/smsCampaigns/13396752/sendNow","Unauthorized","401","1014","50","Body matches string, application/json",,,"2","2","0","0"
"1","Sendinblue","Update a campaign's status","PUT","https://api.sendinblue.com/v3/smsCampaigns/13396752/status","Unauthorized","401","342","50","Body matches string",,,"1","1","0","0"
"1","Sendinblue","Send a test SMS campaign","POST","https://api.sendinblue.com/v3/smsCampaigns/13396752/sendTest","Unauthorized","401","1141","50","Body matches string, application/json",,,"2","2","0","0"
"1","Sendinblue","Export an SMS campaign's recipients","POST","https://api.sendinblue.com/v3/smsCampaigns/13396752/exportRecipients","Unauthorized","401","983","50","Body matches string, application/json",,,"2","2","0","0"
"1","Sendinblue","Send an SMS campaign's report","POST","https://api.sendinblue.com/v3/smsCampaigns/13396752/sendReport","Unauthorized","401","302","50","Body matches string, application/json",,,"2","2","0","0"
"1","Sendinblue","Send a message as an agent","POST","https://api.sendinblue.com/v3/conversations/messages","Unauthorized","401","410","50","Body matches string, application/json",,,"2","2","0","0"
"1","Sendinblue","Get a message","GET","https://api.sendinblue.com/v3/conversations/messages/veniam elit in","Unauthorized","401","1773","50","Body matches string, application/json",,,"2","2","0","0"
"1","Sendinblue","Update a message sent by an agent","PUT","https://api.sendinblue.com/v3/conversations/messages/veniam elit in","Unauthorized","401","1050","50","Body matches string, application/json",,,"2","2","0","0"
"1","Sendinblue","Delete a message sent by an agent","DELETE","https://api.sendinblue.com/v3/conversations/messages/veniam elit in","Unauthorized","401","458","50","Body matches string, application/json",,,"2","2","0","0"
"1","Sendinblue","Sets agentâ€™s status to online for 2-3 minutes","POST","https://api.sendinblue.com/v3/conversations/agentOnlinePing","Unauthorized","401","470","50","Body matches string, application/json",,,"2","2","0","0"
"1","Sendinblue","Send an automated message to a visitor","POST","https://api.sendinblue.com/v3/conversations/pushedMessages","Unauthorized","401","968","50","Body matches string, application/json",,,"2","2","0","0"
"1","Sendinblue","Get an automated message","GET","https://api.sendinblue.com/v3/conversations/pushedMessages/veniam elit in","Unauthorized","401","975","50","Body matches string, application/json",,,"2","2","0","0"
"1","Sendinblue","Update an automated message","PUT","https://api.sendinblue.com/v3/conversations/pushedMessages/veniam elit in","Unauthorized","401","1038","50","Body matches string, application/json",,,"2","2","0","0"
"1","Sendinblue","Delete an automated message","DELETE","https://api.sendinblue.com/v3/conversations/pushedMessages/veniam elit in","Unauthorized","401","1473","50","Body matches string, application/json",,,"2","2","0","0"
"1","Sendinblue","Get all the contacts","GET","https://api.sendinblue.com/v3/contacts?limit=50&offset=0&modifiedSince=2022-02-01T00:00:00.000&sort=desc","Unauthorized","401","836","50","application/json","Body matches string",,"2","1","1","0"
"1","Sendinblue","Create a contact","POST","https://api.sendinblue.com/v3/contacts","Unauthorized","401","862","50","Body matches string, application/json",,,"2","2","0","0"
"1","Sendinblue","Create Contact via DOI (Double-Opt-In) Flow","POST","https://api.sendinblue.com/v3/contacts/doubleOptinConfirmation","Unauthorized","401","744","50","Body matches string, application/json",,,"2","2","0","0"
"1","Sendinblue","Update multiple contacts","POST","https://api.sendinblue.com/v3/contacts/batch","Unauthorized","401","662","50","Body matches string, application/json",,,"2","2","0","0"
"1","Sendinblue","Export contacts","POST","https://api.sendinblue.com/v3/contacts/export","Unauthorized","401","302","50","Body matches string, application/json",,,"2","2","0","0"
"1","Sendinblue","Import contacts","POST","https://api.sendinblue.com/v3/contacts/import","Unauthorized","401","300","50","Body matches string, application/json",,,"2","2","0","0"
"1","Sendinblue","Get a contact's details","GET","https://api.sendinblue.com/v3/contacts/{{email}}","Unauthorized","401","298","50","Body matches string, application/json",,,"2","2","0","0"
"1","Sendinblue","Delete a contact","DELETE","https://api.sendinblue.com/v3/contacts/{{contact_id}}","Unauthorized","401","488","50","Body matches string, application/json",,,"2","2","0","0"
"1","Sendinblue","Update a contact","PUT","https://api.sendinblue.com/v3/contacts/veniam elit in","Unauthorized","401","418","50","Body matches string, application/json",,,"2","2","0","0"
"1","Sendinblue","Get email campaigns' statistics for a contact","GET","https://api.sendinblue.com/v3/contacts/veniam elit in/campaignStats?startDate=veniam elit in&endDate=veniam elit in","Unauthorized","401","967","50","Body matches string, application/json",,,"2","2","0","0"
"1","Sendinblue","Get all folders","GET","https://api.sendinblue.com/v3/contacts/folders?limit=10&offset=0&sort=desc","Unauthorized","401","1281","50","application/json","Body matches string",,"2","1","1","0"
"1","Sendinblue","Create a folder","POST","https://api.sendinblue.com/v3/contacts/folders","Unauthorized","401","780","50","application/json","Body matches string",,"2","1","1","0"
"1","Sendinblue","Returns a folder's details","GET","https://api.sendinblue.com/v3/contacts/folders/13396752","Unauthorized","401","1073","50","Body matches string, application/json",,,"2","2","0","0"
"1","Sendinblue","Update a folder","PUT","https://api.sendinblue.com/v3/contacts/folders/13396752","Unauthorized","401","529","50","Body matches string, application/json",,,"2","2","0","0"
"1","Sendinblue","Delete a folder (and all its lists)","DELETE","https://api.sendinblue.com/v3/contacts/folders/13396752","Unauthorized","401","420","50","Body matches string, application/json",,,"2","2","0","0"
"1","Sendinblue","Get lists in a folder","GET","https://api.sendinblue.com/v3/contacts/folders/13396752/lists?limit=10&offset=0&sort=desc","Unauthorized","401","413","50","Body matches string, application/json",,,"2","2","0","0"
"1","Sendinblue","Get all the lists","GET","https://api.sendinblue.com/v3/contacts/lists?limit=10&offset=0&sort=desc","Unauthorized","401","742","50","confirm response body is null, application/json",,,"2","2","0","0"
"1","Sendinblue","Create a list","POST","https://api.sendinblue.com/v3/contacts/lists","Unauthorized","401","654","50","confirm Body contains code, application/json",,,"2","2","0","0"
"1","Sendinblue","Get contacts in a list","GET","https://api.sendinblue.com/v3/contacts/lists/13396752/contacts?modifiedSince=veniam elit in&limit=50&offset=0&sort=desc","Unauthorized","401","511","50","application/json","Body matches string",,"2","1","1","0"
"1","Sendinblue","Add existing contacts to a list","POST","https://api.sendinblue.com/v3/contacts/lists/13396752/contacts/add","Unauthorized","401","580","50","confirm body contains string, application/json",,,"2","2","0","0"
"1","Sendinblue","Delete a contact from a list","POST","https://api.sendinblue.com/v3/contacts/lists/13396752/contacts/remove","Unauthorized","401","679","50","confirm body contains string, application/json",,,"2","2","0","0"
"1","Sendinblue","Get a list's details","GET","https://api.sendinblue.com/v3/contacts/lists/13396752","Unauthorized","401","1041","50","confirm body contains string, application/json",,,"2","2","0","0"
"1","Sendinblue","Update a list","PUT","https://api.sendinblue.com/v3/contacts/lists/13396752","Unauthorized","401","331","50","confirm body contains string, application/json",,,"2","2","0","0"
"1","Sendinblue","Delete a list","DELETE","https://api.sendinblue.com/v3/contacts/lists/13396752","Unauthorized","401","615","50","confirm body contains string, application/json",,,"2","2","0","0"
"1","Sendinblue","List all attributes","GET","https://api.sendinblue.com/v3/contacts/attributes","Unauthorized","401","504","50","confirm body contains string, application/json",,,"2","2","0","0"
"1","Sendinblue","Update contact attribute","PUT","https://api.sendinblue.com/v3/contacts/attributes/global/veniam elit in","Unauthorized","401","2473","50","confirm body contains string, application/json",,,"2","2","0","0"
"1","Sendinblue","Create contact attribute","POST","https://api.sendinblue.com/v3/contacts/attributes/global/veniam elit in","Unauthorized","401","236","50","confirm body contains string, application/json",,,"2","2","0","0"
"1","Sendinblue","Delete an attribute","DELETE","https://api.sendinblue.com/v3/contacts/attributes/global/veniam elit in","Unauthorized","401","261","50","confirm body contains string, application/json",,,"2","2","0","0"
"1","Sendinblue","Send a transactional email","POST","https://api.sendinblue.com/v3/smtp/email","Unauthorized","401","1112","50","json value check, Response time is less than 200ms","Successful POST, Body matches string",,"4","2","2","0"
"1","Sendinblue","Get the list of transactional emails on the basis of allowed filters","GET","https://api.sendinblue.com/v3/smtp/emails?email=veniam elit in&templateId=13396752&messageId=veniam elit in&startDate=veniam elit in&endDate=veniam elit in&sort=desc&limit=500&offset=0","Unauthorized","401","278","50","confirm body contains string, application/json",,,"2","2","0","0"
"1","Sendinblue","Delete scheduled emails by batchId or messageId","DELETE","https://api.sendinblue.com/v3/smtp/email/4320f270-a4e3-4a2e-b591-edfe30a5e627","Unauthorized","401","224","50","confirm body contains string, application/json",,,"2","2","0","0"
"1","Sendinblue","Get the personalized content of a sent transactional email","GET","https://api.sendinblue.com/v3/smtp/emails/veniam elit in","Unauthorized","401","211","50","Body matches string, Content-Type is present",,,"2","2","0","0"
"1","Sendinblue","Fetch scheduled emails by batchId or messageId","GET","https://api.sendinblue.com/v3/smtp/emailStatus/4320f270-a4e3-4a2e-b591-edfe30a5e627?startDate=2022-02-02&endDate=2022-03-02&sort=desc&status=queued&limit=100&offset=0","Unauthorized","401","265","50","Body matches string, Content-Type is present",,,"2","2","0","0"
"1","Sendinblue","Get the list of email templates","GET","https://api.sendinblue.com/v3/smtp/templates?templateStatus=false&limit=50&offset=0&sort=desc","Unauthorized","401","246","50",,,,"0","0","0","0"
"1","Sendinblue","Create an email template","POST","https://api.sendinblue.com/v3/smtp/templates","Unauthorized","401","259","50","Body matches string, Content-Type is present",,,"2","2","0","0"
"1","Sendinblue","Returns the template information","GET","https://api.sendinblue.com/v3/smtp/templates/13396752","Unauthorized","401","267","50","Body matches string, Content-Type is present",,,"2","2","0","0"
"1","Sendinblue","Update an email template","PUT","https://api.sendinblue.com/v3/smtp/templates/13396752","Unauthorized","401","232","50","Body matches string, Content-Type is present",,,"2","2","0","0"
"1","Sendinblue","Delete an inactive email template","DELETE","https://api.sendinblue.com/v3/smtp/templates/13396752","Unauthorized","401","207","50","Body matches string, Content-Type is present",,,"2","2","0","0"
"1","Sendinblue","Send a template to your test list","POST","https://api.sendinblue.com/v3/smtp/templates/13396752/sendTest","Unauthorized","401","252","50","Body matches string, Content-Type is present",,,"2","2","0","0"
"1","Sendinblue","Get your transactional email activity aggregated over a period of time","GET","https://api.sendinblue.com/v3/smtp/statistics/aggregatedReport?startDate=veniam elit in&endDate=veniam elit in&days=13396752&tag=veniam elit in","Unauthorized","401","247","50","Body matches string, Content-Type is present, Response time is not less than 200ms","Body is correct",,"4","3","1","0"
"1","Sendinblue","Get your transactional email activity aggregated per day","GET","https://api.sendinblue.com/v3/smtp/statistics/reports?limit=10&offset=0&startDate=veniam elit in&endDate=veniam elit in&days=13396752&tag=veniam elit in&sort=desc","Unauthorized","401","379","50","Body matches string, Content-Type is present, Response time is not less than 200ms","Body is correct",,"4","3","1","0"
"1","Sendinblue","Get all your transactional email activity (unaggregated events)","GET","https://api.sendinblue.com/v3/smtp/statistics/events?days=11&messageId=202212281024.62341432715@smtp-relay.mailin.fr","Unauthorized","401","670","50","Body matches string, Content-Type is present, Response time is not less than 200ms","Body is correct",,"4","3","1","0"
"1","Sendinblue","Get the list of blocked or unsubscribed transactional contacts","GET","https://api.sendinblue.com/v3/smtp/blockedContacts?startDate=veniam elit in&endDate=veniam elit in&limit=50&offset=0&senders=ullamco,dolor elit aute&sort=desc","Unauthorized","401","248","50","Body matches string, Content-Type is present, Response time is not less than 200ms","Body is correct",,"4","3","1","0"
"1","Sendinblue","Unblock or resubscribe a transactional contact","DELETE","https://api.sendinblue.com/v3/smtp/blockedContacts/veniam elit in","Unauthorized","401","233","50",,,,"0","0","0","0"
"1","Sendinblue","Get the list of blocked domains","GET","https://api.sendinblue.com/v3/smtp/blockedDomains","Unauthorized","401","285","50","Content-Type is present, Response time is not less than 200ms","Body matches string, Body is correct",,"4","2","2","0"
"1","Sendinblue","Add a new domain to the list of blocked domains","POST","https://api.sendinblue.com/v3/smtp/blockedDomains","Unauthorized","401","922","50",,,,"0","0","0","0"
"1","Sendinblue","Unblock an existing domain from the list of blocked domains","DELETE","https://api.sendinblue.com/v3/smtp/blockedDomains/veniam elit in","Unauthorized","401","240","50",,,,"0","0","0","0"
"1","Sendinblue","Delete hardbounces","POST","https://api.sendinblue.com/v3/smtp/deleteHardbounces","Unauthorized","401","251","50",,,,"0","0","0","0"
"1","Sendinblue","Delete an SMTP transactional log","DELETE","https://api.sendinblue.com/v3/smtp/log/veniam elit in","Unauthorized","401","292","50",,,,"0","0","0","0"
"1","Sendinblue","Get the list of all the events for the received emails.","GET","https://api.sendinblue.com/v3/inbound/events?sender=veniam elit in&startDate=1947-08-13&endDate=1947-08-13&limit=100&offset=0&sort=desc","Unauthorized","401","266","50","Body matches string, Content-Type is present, Response time is not less than 200ms","Body is correct",,"4","3","1","0"
"1","Sendinblue","Fetch all events history for one particular received email.","GET","https://api.sendinblue.com/v3/inbound/events/veniam elit in","Unauthorized","401","258","50","Body matches string, Content-Type is present, Response time is not less than 200ms","Body is correct",,"4","3","1","0"
"1","Sendinblue","Retrieve inbound attachment with download token.","GET","https://api.sendinblue.com/v3/inbound/attachments/veniam elit in","Unauthorized","401","233","50","Body matches string, Content-Type is present, Response time is not less than 200ms","Body is correct",,"4","3","1","0"
"1","Sendinblue","Send SMS message to a mobile number","POST","https://api.sendinblue.com/v3/transactionalSMS/sms","Unauthorized","401","266","50",,,,"0","0","0","0"
"1","Sendinblue","Get your SMS activity aggregated over a period of time","GET","https://api.sendinblue.com/v3/transactionalSMS/statistics/aggregatedReport?startDate=veniam elit in&endDate=veniam elit in&days=13396752&tag=veniam elit in","Unauthorized","401","255","50",,,,"0","0","0","0"
"1","Sendinblue","Get your SMS activity aggregated per day","GET","https://api.sendinblue.com/v3/transactionalSMS/statistics/reports?startDate=veniam elit in&endDate=veniam elit in&days=13396752&tag=veniam elit in&sort=desc","Unauthorized","401","255","50",,,,"0","0","0","0"
"1","Sendinblue","Get all your SMS activity (unaggregated events)","GET","https://api.sendinblue.com/v3/transactionalSMS/statistics/events?limit=50&startDate=veniam elit in&endDate=veniam elit in&offset=0&days=13396752&phoneNumber=veniam elit in&event=bounces&tags=veniam elit in&sort=desc","Unauthorized","401","265","50",,,,"0","0","0","0"
"1","Sendinblue","Get all webhooks","GET","https://api.sendinblue.com/v3/webhooks?type=transactional&sort=desc","Unauthorized","401","272","50","Body matches string, Content-Type is present",,,"2","2","0","0"
"1","Sendinblue","Create a webhook","POST","https://api.sendinblue.com/v3/webhooks","Unauthorized","401","231","50","Body matches string, Content-Type is present",,,"2","2","0","0"
"1","Sendinblue","Get a webhook details","GET","https://api.sendinblue.com/v3/webhooks/13396752","Unauthorized","401","238","50","Body matches string, Content-Type is present",,,"2","2","0","0"
"1","Sendinblue","Update a webhook","PUT","https://api.sendinblue.com/v3/webhooks/13396752","Unauthorized","401","239","50","Body matches string, Content-Type is present",,,"2","2","0","0"
"1","Sendinblue","Delete a webhook","DELETE","https://api.sendinblue.com/v3/webhooks/13396752","Unauthorized","401","229","50","Body matches string, Content-Type is present",,,"2","2","0","0"
"1","Sendinblue","Add Email and/or SMS credits to a specific child account","POST","https://api.sendinblue.com/v3/reseller/children/veniam elit in/credits/add","Unauthorized","401","238","50","Body matches string, Content-Type is present",,,"2","2","0","0"
"1","Sendinblue","Remove Email and/or SMS credits from a specific child account","POST","https://api.sendinblue.com/v3/reseller/children/veniam elit in/credits/remove","Unauthorized","401","230","50","Body matches string, Content-Type is present",,,"2","2","0","0"
"1","Sendinblue","Associate a dedicated IP to the child","POST","https://api.sendinblue.com/v3/reseller/children/veniam elit in/ips/associate","Unauthorized","401","277","50",,,,"0","0","0","0"
"1","Sendinblue","Dissociate a dedicated IP to the child","POST","https://api.sendinblue.com/v3/reseller/children/veniam elit in/ips/dissociate","Unauthorized","401","317","50",,,,"0","0","0","0"
"1","Sendinblue","Get all sender domains for a specific child account","GET","https://api.sendinblue.com/v3/reseller/children/veniam elit in/domains","Unauthorized","401","260","50","Body matches string, Content-Type is present",,,"2","2","0","0"
"1","Sendinblue","Create a domain for a child account","POST","https://api.sendinblue.com/v3/reseller/children/veniam elit in/domains","Unauthorized","401","240","50","Body matches string, Content-Type is present",,,"2","2","0","0"
"1","Sendinblue","Update the sender domain of reseller's child based on the childIdentifier and domainName passed","PUT","https://api.sendinblue.com/v3/reseller/children/veniam elit in/domains/veniam elit in","Unauthorized","401","227","50","Body matches string, Content-Type is present",,,"2","2","0","0"
"1","Sendinblue","Delete the sender domain of the reseller child based on the childIdentifier and domainName passed","DELETE","https://api.sendinblue.com/v3/reseller/children/veniam elit in/domains/veniam elit in","Unauthorized","401","226","50",,,,"0","0","0","0"
"1","Sendinblue","Get a child account's details","GET","https://api.sendinblue.com/v3/reseller/children/veniam elit in","Unauthorized","401","403","50","Content-Type is present, Response time is not less than 200ms","Body matches string, Body is correct",,"4","2","2","0"
"1","Sendinblue","Update info of reseller's child based on the child identifier supplied","PUT","https://api.sendinblue.com/v3/reseller/children/veniam elit in","Unauthorized","401","247","50",,,,"0","0","0","0"
"1","Sendinblue","Delete a single reseller child based on the child identifier supplied","DELETE","https://api.sendinblue.com/v3/reseller/children/veniam elit in","Unauthorized","401","233","50",,,,"0","0","0","0"
"1","Sendinblue","Update info of reseller's child account status based on the identifier supplied","PUT","https://api.sendinblue.com/v3/reseller/children/veniam elit in/accountStatus","Unauthorized","401","237","50",,,,"0","0","0","0"
"1","Sendinblue","Get the status of a reseller's child account creation, whether it is successfully created (exists) or not based on the childIdentifier supplied","GET","https://api.sendinblue.com/v3/reseller/children/veniam elit in/accountCreationStatus","Unauthorized","401","2802","50","Content-Type is present, Response time is not less than 200ms","Body matches string, Body is correct",,"4","2","2","0"
"1","Sendinblue","Get session token to access Sendinblue (SSO)","GET","https://api.sendinblue.com/v3/reseller/children/veniam elit in/auth","Unauthorized","401","483","50","Content-Type is present, Response time is not less than 200ms","Body matches string, Body is correct",,"4","2","2","0"
"1","Sendinblue","Get the list of all children accounts","GET","https://api.sendinblue.com/v3/reseller/children?limit=10&offset=0","Unauthorized","401","423","50","Content-Type is present, Response time is not less than 200ms","Body matches string, Body is correct",,"4","2","2","0"
"1","Sendinblue","Creates a reseller child","POST","https://api.sendinblue.com/v3/reseller/children","Unauthorized","401","319","50",,,,"0","0","0","0"
"1","Sendinblue","Return all the processes for your account","GET","https://api.sendinblue.com/v3/processes?limit=10&offset=0&sort=desc","Unauthorized","401","857","50","Content-Type is present, Response time is not less than 200ms","Body matches string, Body is correct",,"4","2","2","0"
"1","Sendinblue","Return the informations for a process","GET","https://api.sendinblue.com/v3/processes/13396752","Unauthorized","401","828","50","Content-Type is present, Response time is not less than 200ms","Body matches string, Body is correct",,"4","2","2","0"
"1","Sendinblue","Get the details of requested master account","GET","https://api.sendinblue.com/v3/corporate/masterAccount","Unauthorized","401","871","50","Content-Type is present, Response time is not less than 200ms","Body matches string, Body is correct",,"4","2","2","0"
"1","Sendinblue","Get the list of all the sub-accounts of the master account.","GET","https://api.sendinblue.com/v3/corporate/subAccount?offset=-41398727&limit=-41398727","Unauthorized","401","832","50","Content-Type is present, Response time is not less than 200ms","Body matches string, Body is correct",,"4","2","2","0"
"1","Sendinblue","Create a new sub-account under a master account.","POST","https://api.sendinblue.com/v3/corporate/subAccount","Unauthorized","401","426","50",,,,"0","0","0","0"
"1","Sendinblue","Generate SSO token to access Sendinblue","POST","https://api.sendinblue.com/v3/corporate/subAccount/ssoToken","Unauthorized","401","460","50",,,,"0","0","0","0"
"1","Sendinblue","Get sub-account details","GET","https://api.sendinblue.com/v3/corporate/subAccount/13396752","Unauthorized","401","521","50","Content-Type is present, Response time is not less than 200ms","Body matches string, Body is correct",,"4","2","2","0"
"1","Sendinblue","Delete a sub-account","DELETE","https://api.sendinblue.com/v3/corporate/subAccount/13396752","Unauthorized","401","414","50",,,,"0","0","0","0"
"1","Sendinblue","Update sub-account plan","PUT","https://api.sendinblue.com/v3/corporate/subAccount/13396752/plan","Unauthorized","401","332","50",,,,"0","0","0","0"
"1","Sendinblue","Get your account information, plan and credits details","GET","https://api.sendinblue.com/v3/account","Unauthorized","401","286","50","Body matches string, Content-Type is present, Response time is not less than 200ms","Body is not correct",,"4","3","1","0"
"1","Sendinblue","Get the list of all your senders","GET","https://api.sendinblue.com/v3/senders","Unauthorized","401","345","50",,"Status code is 200, Body matches string",,"2","0","2","0"
"1","Sendinblue","Create a new sender","POST","https://api.sendinblue.com/v3/senders","Unauthorized","401","273","50",,,,"0","0","0","0"
"1","Sendinblue","Get all the dedicated IPs for your account","GET","https://api.sendinblue.com/v3/senders/ips","Unauthorized","401","980","50","Body matches string, Content-Type is present, Response time is not less than 200ms","Body is correct",,"4","3","1","0"
"1","Sendinblue","Update a sender","PUT","https://api.sendinblue.com/v3/senders/13396752","Unauthorized","401","1091","50",,,,"0","0","0","0"
"1","Sendinblue","Delete a sender","DELETE","https://api.sendinblue.com/v3/senders/13396752","Unauthorized","401","258","50",,,,"0","0","0","0"
"1","Sendinblue","Get all the dedicated IPs for a sender","GET","https://api.sendinblue.com/v3/senders/:senderId/ips","Unauthorized","401","280","50","Body matches string, Content-Type is present, Response time is not less than 200ms","Body is not correct",,"4","3","1","0"